Black Suede Clasico Masculino 100 ml	Fragancias	Avon	35.000	101
Exclusive In Black Masculino 100 ml	Fragancias	Avon	40.000	102
Exclusive Clasico Masculino 100 ml	Fragancias	Avon	40.000	103
Trescientos 300 Kilometros Surfer Masculino 100 ml	Fragancias	Avon	35.000	104
Trescientos 300 Kilometros Clasico Masculino 100 ml	Fragancias	Avon	35.000	105
Trescientos 300 Kilometros Virtual Adrenaline Masculino 100 ml	Fragancias	Avon	35.000	106
Trescientos 300 Kilometros Max Turbo Masculino 100 ml	Fragancias	Avon	35.000	107
Bleu Night Masculino 100 ml	Fragancias	Esika	60.000	109
Ekos Castaña Frescor 150 ml	Fragancias	Natura	60.000	10
Homem Essence Masculino Splash Perfumado 100 ml	Fragancias	Natura	30.000	110
Homem Clasico Masculino Splash Perfumado 100 ml	Fragancias	Natura	30.000	111
Homem Potence Masculino Splash Perfumado 100 ml	Fragancias	Natura	30.000	112
Humor Paz Masculino Splash Perfumado 100 ml	Fragancias	Natura	30.000	113
Kaiak Aero Masculino Splash Perfumado 100 ml	Fragancias	Natura	30.000	114
Kaiak Aventura Masculino Splash Perfumado 100 ml	Fragancias	Natura	30.000	115
Kaiak Urbe Masculino Splash Perfumado 100 ml	Fragancias	Natura	30.000	116
Satin Rouge Femenino 50 ml	Fragancias	Esika	55.000	119
Ekos Estoraque Frescor 150 ml	Fragancias	Natura	60.000	11
Dancing Night Femenino 90 ml	Fragancias	Esika	35.000	120
Dancing Clasico Femenino 90 ml	Fragancias	Esika	35.000	121
Prints Morada Femenino 30 ml	Fragancias	Esika	25.000	122
You Clasico Unisex 90 ml	Fragancias	Esika	50.000	123
Blue y Bleu Memories 90 ml	Fragancias	Esika	30.000	125
Tastes Cool Femenino Splash 200 ml	Fragancias	Esika	20.000	126
Tastes Candy Femenino Splash 200 ml	Fragancias	Esika	20.000	127
Tastes Pop Femenino Splash 200 ml	Fragancias	Esika	20.000	128
Tastes Cream Femenino Splash 200 ml	Fragancias	Esika	20.000	129
Ekos Ishpink Frescor 150 ml	Fragancias	Natura	60.000	12
Tastes Warm Femenino Splash 200 ml	Fragancias	Esika	20.000	130
Destine Florence Femenino Splash Refrescante 200 ml	Fragancias	Esika	35.000	131
Far Away Clasico Femenino 50 ml	Fragancias	Avon	40.000	132
Far Away Glamour Femenino 50 ml	Fragancias	Avon	40.000	133
Far Away Beyond Femenino 50 ml	Fragancias	Avon	40.000	134
Combo Loviu Date Night Morada Femenino Perfume + Crema 50 ml 90 ml	Regalos y combos	Avon	50.000	135
Combo Loviu Connected Naranja Femenino Perfume + Crema 50 ml 90 ml	Regalos y combos	Avon	50.000	136
Blossoming Petals Femenino Splash 120 ml	Fragancias	Avon	15.000	137
Kaiak Aventura Femenino Miniatura 25 ml	Fragancias	Natura	30.000	138
Kaiak Clasico Masculino Miniatura 25 ml	Fragancias	Natura	30.000	139
Ekos Pitanga Clasica Frescor 150 ml	Fragancias	Natura	60.000	13
Kaiak Urbe Masculino Miniatura 25 ml	Fragancias	Natura	30.000	140
Ekos Pitanga Preta Femenino Frescor 150 ml	Fragancias	Natura	60.000	141
Fleur Femenino 50 ml	Fragancias	Esika	60.000	142
Secret Fantasy Love Letter Femenino Splash Perfumado 125 ml	Fragancias	Avon	15.000	143
Latin Attitude Femenino Splash Perfumado 125 ml	Fragancias	Avon	15.000	144
Flor De Cerezo y Orquidea Femenino Splash Refrescante 200 ml	Fragancias	Avon	15.000	145
Aguavibe Chipre Femenino 300 ml	Fragancias	Avon	20.000	146
Aguavibe Jasmin y Verbena Femenino 300 ml	Fragancias	Avon	20.000	147
Treselle Femenino 50 ml	Fragancias	Avon	40.000	148
Today Tomorrow Always Radiance 50 ml	Fragancias	Avon	50.000	149
Ekos Maracuya Frescor Repuesto 150 ml	Fragancias	Natura	45.000	14
Biografia Clasica Femenino 100 ml	Fragancias	Natura	90.000	150
Combo Chronos Gel Crema Antiseñales Firmeza y Luminosidad Dia + Noche 45+ 30 ml	Regalos y combos	Natura	155.000	151
Chronos Aqua Renovador Hidratante 30 ml	Cuidado facial	Natura	70.000	152
Chronos Aqua Biohidratante Renovador 30 ml	Cuidado facial	Natura	65.000	153
Combo Chronos Gel Crema Antiseñales Firmeza y Luminosidad Dia + Noche Repuesto 45+ 30 ml	Regalos y combos	Natura	130.000	154
Combo Chronos Gel Crema Antiseñales Relleno y Revitalizacion Dia + Noche Repuesto 60+ 30 ml	Regalos y combos	Natura	130.000	155
Chronos Gel Crema Antiseñales Renovacion y Prevencion Dia Repuesto 30+ 30 ml	Cuidado facial	Natura	70.000	156
Chronos Gel Crema Antiseñales Firmeza y Luminosidad Noche Repuesto 45+ 30 ml	Cuidado facial	Natura	70.000	157
Chronos Esencia De Tratamiento 100 ml - Envase	Cuidado facial	Natura	75.000	158
Chronos Mousse De Limpieza Intensiva 85 g	Cuidado facial	Natura	50.000	159
Ekos Pitanga Clasica Frescor Repuesto 150 ml	Fragancias	Natura	45.000	15
Chronos Agua Micelar Desmaquillante Suave 150 ml	Cuidado facial	Natura	40.000	160
Chronos Agua Micelar Desmaquillante Repuesto 150 ml	Cuidado facial	Natura	35.000	161
Chronos Gel De Limpieza Purificante Antioleosidad 130 g	Cuidado facial	Natura	30.000	162
Chronos Triple Exfoliante Peeling Antiseñales 50 g	Cuidado facial	Natura	35.000	163
Chronos Protector Solar Facial Multiaclarador De Manchas Fps 50+ Tono Claro Medio 50 ml	Protección solar	Natura	75.000	164
Chronos Protector Solar Facial Multiaclarador De Manchas Fps 50+ Medio Oscuro Nuevo 50 ml	Protección solar	Natura	80.000	165
Chronos Protector Solar Facial Multiaclarador De Manchas Fps 50+ Tono Medio Oscuro 50 ml	Protección solar	Natura	75.000	166
Chronos Protector Solar Facial Antioleosidad Reductor De Poros Fps 30 Incoloro 50 ml	Protección solar	Natura	55.000	167
Chronos Protector Solar Facial Antiseñales Fps 50 50 ml	Protección solar	Natura	70.000	168
Chronos Serum Intensivo Rellenador Biohidratante 30 ml - Envase	Cuidado facial	Natura	100.000	169
Ekos Tukuma Frescor 150 ml	Fragancias	Natura	60.000	16
Chronos Serum Intensivo Rellenador Biohidratante Repuesto 30 ml	Cuidado facial	Natura	75.000	170
Chronos Super Serum Reductor De Arrugas 30 ml - Envase	Cuidado facial	Natura	130.000	171
Chronos Serum Intensivo Lifting y Firmeza 30 ml - Envase	Cuidado facial	Natura	100.000	172
Chronos Super Serum Reductor De Arrugas y Flacidez Ojos 30 ml - Envase	Cuidado facial	Natura	75.000	173
Chronos Super Serum Reductor De Arrugas y Flacidez Ojos Repuesto 30 ml	Cuidado facial	Natura	65.000	174
Chronos Serum Intensivo Antioxidante 15 ml - Envase	Cuidado facial	Natura	90.000	175
Chronos Serum Intensivo Multiaclarador De Manchas Repuesto 30 ml	Cuidado facial	Natura	70.000	176
Combo Faces Facial Jabon de Limpieza + Hidratante Matificante 50 ml	Regalos y combos	Natura	45.000	177
Fotoequilibrio Protector Solar Facial Gel Crema Hidratante Fps 50 50 g	Protección solar	Natura	45.000	178
Fotoequilibrio Protector Solar Facial Gel Crema Hidratante Fps 30 50 g	Protección solar	Natura	35.000	179
Ekos Ryo Festa 75 ml	Fragancias	Natura	85.000	17
Solar Protector Solar Facial Hidratante Fps 70 50 ml	Protección solar	Natura	55.000	180
Fotoequilibrio Protector Facial Gel Crema Toque Seco Fps 50 50 g	Protección solar	Natura	45.000	181
Homem Gel Para Afeitar 75 ml	Cuidado facial	Natura	25.000	182
Homem Balsamo Post Barba 75 ml	Cuidado facial	Natura	25.000	183
Care Rosa Mosqueta Crema Facial 3 En 1 75 g	Cuidado facial	Avon	12.000	184
Fotoequilibrio Protector Solar Corporal y Rostro Niños Fps 50 200 ml	Protección solar	Natura	75.000	185
Fotoequilibrio Protector Solar Corporal Fps 50 200 ml	Protección solar	Natura	75.000	186
Solar Protector Solar Corporal Fps 70 200 ml	Protección solar	Natura	75.000	187
Combo x3 Tododia Ciruela y Flor De Vainilla	Regalos y combos	Natura	85.000	188
Combo x3 Tododia Cereza Negra y Praline	Regalos y combos	Natura	85.000	189
Ekos Ryo Vivo 75 ml	Fragancias	Natura	85.000	18
Combo x3 Tododia Cereza y Avellana	Regalos y combos	Natura	85.000	190
Combo x3 Tododia Manzana Caramelizada y Vainilla	Regalos y combos	Natura	85.000	191
Tododia Frutos Rojos Crema Corporal 400 ml - Envase	Cuidado corporal	Natura	40.000	192
Tododia Hojas De Limon y Guanabana Crema Corporal 400 ml - Envase	Cuidado corporal	Natura	40.000	193
Tododia Flor De Jengibre y Mandarina Crema Corporal 400 ml - Envase	Cuidado corporal	Natura	40.000	194
Tododia Ciruela y Flor De Vainilla Crema Corporal 400 ml - Envase	Cuidado corporal	Natura	40.000	195
Humor On-line Femenino Perfume 75 ml	Fragancias	Natura	75.000	196
Tododia Flor De Pera y Melisa Crema Corporal 400 ml - Envase	Cuidado corporal	Natura	40.000	197
Tododia Mango Rosa y Agua De Coco Crema Corporal Repuesto 400 ml	Cuidado corporal	Natura	30.000	198
Tododia Hojas De Limon y Guanabana Crema Corporal Repuesto 400 ml	Cuidado corporal	Natura	30.000	199
Ekos Ishpink Frescor Repuesto 150 ml	Fragancias	Natura	45.000	19
Aguas Citrico 150 ml	Fragancias	Natura	40.000	1
Tododia Avellanas y Casis Crema Corporal Repuesto 400 ml	Cuidado corporal	Natura	30.000	200
Tododia Nuez Pecan y Cacao Crema Corporal Repuesto 400 ml	Cuidado corporal	Natura	30.000	201
Tododia Ciruela y Flor De Vainilla Crema Corporal Repuesto 400 ml	Cuidado corporal	Natura	30.000	202
Tododia Nuez Pecan y Cacao Crema Corporal 200 ml	Cuidado corporal	Natura	25.000	203
Combo Tododia Avellana y Casis Aceite Bifasico + Crema 120 ml 100 ml	Regalos y combos	Natura	50.000	204
Tododia Caja De Jabones Surtidos 5 Unidades 90 g	Cuidado corporal	Natura	30.000	205
Tododia Frutos Rojos Caja De Jabones 5 Unidades 90 g	Cuidado corporal	Natura	25.000	206
Tododia Manzana Caramelizada y Vainilla Caja De Jabones 5 Unidades 90 g	Cuidado corporal	Natura	25.000	207
Tododia Frambuesa y Pimienta Rosa Caja De Jabones 5 Unidades 90 g	Cuidado corporal	Natura	25.000	208
Tododia Cereza Negra y Praline Caja De Jabones 5 Unidades 90 g	Cuidado corporal	Natura	25.000	209
Essencial Ato Masculino 100 ml	Fragancias	Natura	140.000	20
Tododia Cereza y Avellana Caja De Jabones 5 Unidades 90 g	Cuidado corporal	Natura	25.000	210
Tododia Te De Manzanilla y Lavanda Caja De Jabones 2 Unidades 90 g	Cuidado corporal	Natura	15.000	211
Ekos Caja De Jabones Cremosos Exfoliantes y Refrescantes 4 Unidades 100 g	Cuidado corporal	Natura	30.000	212
Ekos Surtidos Jabones Cremosos	Cuidado corporal	Natura	33.000	213
Ekos Maracuya Jabon Masajeador 100 g	Cuidado corporal	Natura	10.000	214
Ekos Maracuya Caja De Jabones Cremosos y Exfoliantes 4 Unidades 100 g	Cuidado corporal	Natura	33.000	215
Ekos Caja De Jabones Cremosos y Exfoliantes 4 Unidades 100 g	Cuidado corporal	Natura	33.000	216
Homem Caja De Jabones Masculinos x3 Unidades 110 g	Cuidado corporal	Natura	30.000	217
Ekos Maracuya Jabon Liquido Exfoliante 185 ml	Cuidado corporal	Natura	35.000	218
Ekos Tukuma Jabon Liquido Exfoliante 185 ml	Cuidado corporal	Natura	35.000	219
Essencial Clasico Femenino 50 ml	Fragancias	Natura	120.000	21
Kaiak Clasico Femenino Jabon Liquido Corporal Perfumado 200 ml	Cuidado corporal	Natura	16.000	220
Luna Radiante Femenino Jabon Liquido Corporal Perfumado 100 ml	Cuidado corporal	Natura	15.000	221
Kriska Flores Femenino Jabon Liquido Corporal Perfumado 125 ml	Cuidado corporal	Natura	15.000	222
Ekos Castaña Jabon Liquido Corporal Cremoso 100 ml	Cuidado corporal	Natura	12.000	223
Tododia Frutas Rojas Exfoliante Corporal 100 g	Cuidado corporal	Natura	15.000	224
Ekos Castaña Crema Corporal 400 ml - Envase	Cuidado corporal	Natura	55.000	225
Ekos Maracuya Crema Corporal 400 ml - Envase	Cuidado corporal	Natura	55.000	226
Ekos Andiroba Crema Corporal 400 ml - Envase	Cuidado corporal	Natura	55.000	227
Ekos Ucuuba Crema Corporal 400 ml - Envase	Cuidado corporal	Natura	55.000	228
Ekos Maracuya Crema Corporal Repuesto 400 ml	Cuidado corporal	Natura	40.000	229
Essencial Clasico Masculino 100 ml	Fragancias	Natura	140.000	22
Ekos Ucuuba Crema Corporal Repuesto 400 ml	Cuidado corporal	Natura	40.000	230
Andiroba Fluido De Masajes 100 g - Envase	Cuidado corporal	Natura	28.000	231
Care Aceite De Coco Crema Corporal Litro	Cuidado corporal	Avon	23.000	232
Care Avena y Extracto De Vainilla Crema Corporal Litro	Cuidado corporal	Avon	23.000	233
Care Extracto De Almendras Crema Corporal Litro	Cuidado corporal	Avon	23.000	234
Care Glicerina y Aceite De Almendra Crema Corporal Litro	Cuidado corporal	Avon	23.000	235
Care Aceite De Argan y Naranja Crema Corporal Litro	Cuidado corporal	Avon	23.000	236
Care Sandia Crema Corporal Litro	Cuidado corporal	Avon	23.000	237
Care Aceite De Coco Crema Corporal 400 ml	Cuidado corporal	Avon	15.000	238
Care Aceite De Argan y Naranja Crema Corporal 400 ml	Cuidado corporal	Avon	15.000	239
Essencial Exclusivo Femenino 50 ml	Fragancias	Natura	120.000	23
Care Fruto Rojos Crema Corporal 400 ml	Cuidado corporal	Avon	15.000	240
Care Aguacate Crema Corporal 400 ml	Cuidado corporal	Avon	15.000	241
Care Derma Crema Corporal Reafirmante 400 ml	Cuidado corporal	Avon	16.000	242
Care Derma Crema Corporal Reafirmante 750 ml	Cuidado corporal	Avon	25.000	243
Care Derma Crema Corporal Iluminadora 750 ml	Cuidado corporal	Avon	25.000	244
Kaiak Clasico Femenino Crema Corporal Gel Acqua Pos Solar Perfumada 390 ml	Cuidado corporal	Natura	35.000	245
Kaiak Clasico Femenino Crema Hidratante Corporal Refrescante Baño Perfumada 100 ml	Cuidado corporal	Natura	18.000	246
Humor Primeiro Crema Corporal Gel Iluminadora Perfumada 75 ml	Cuidado corporal	Natura	18.000	247
Homem Coragio Masculino Crema Corporal Perfumada 125 ml	Cuidado corporal	Natura	20.000	248
Works Crema Reparadora Para Pies Con Callosidades 100 g	Cuidado corporal	Avon	18.000	249
Essencial Exclusivo Floral Femenino 50 ml	Fragancias	Natura	120.000	24
Erva Doce Unisex Desodorante En Crema 80 g	Cuidado corporal	Natura	20.000	250
Tododia Sin Perfume Femenino Desodorante En Crema 80 g	Cuidado corporal	Natura	20.000	251
Tododia Leche De Algodon Femenino Desodorante En Crema 80 g	Cuidado corporal	Natura	20.000	252
Tododia Avellana y Casis Femenino Desodorante En Crema 80 g	Cuidado corporal	Natura	20.000	253
Tododia Aclarador Femenino Desodorante En Roll-On 70 ml	Cuidado corporal	Natura	20.000	254
Tododia Leche De Algodon Femenino Desodorante En Roll-On 70 ml	Cuidado corporal	Natura	20.000	255
Tododia Avellana y Casis Femenino Desodorante En Roll-On 70 ml	Cuidado corporal	Natura	20.000	256
Tododia Mora Roja y Jabuticaba Femenino Desodorante En Roll-On 70 ml	Cuidado corporal	Natura	20.000	257
Tododia Hojas De Limon y Guanabana Femenino Desodorante En Roll-On 70 ml	Cuidado corporal	Natura	20.000	258
Homem Sin Perfume Masculino Desodorante En Roll-On 75 ml	Cuidado corporal	Natura	20.000	259
Essencial Exclusivo Masculino 100 ml	Fragancias	Natura	140.000	25
Homem Masculino Desodorante En Roll-On 75 ml	Cuidado corporal	Natura	20.000	260
Miss Sexy Femenino Crema Corporal Perfumada 130 ml	Cuidado corporal	Esika	18.000	261
Simply Delicate Extracto De Avena Femenino Gel De Limpieza Intima 250 ml	Cuidado corporal	Avon	15.000	262
Kaiak Clasico Masculino Shampoo Refrescante Perfumado 125 ml	Cuidado capitar	Natura	15.000	263
Kaiak K Noite Masculino Shampoo Perfumado 125 ml	Cuidado capitar	Natura	15.000	264
Ekos Cacao Crema Hidratante Para Manos 75 g	Cuidado corporal	Natura	25.000	265
Ekos Pitanga Crema Hidratante Para Manos 75 g	Cuidado corporal	Natura	25.000	266
Ekos Maracuya Crema Hidratante Para Manos 75 g	Cuidado corporal	Natura	25.000	267
Ekos Maracuya Noche Crema Hidratante Para Manos 75 g	Cuidado corporal	Natura	25.000	268
Ekos Ucuuba Crema Hidratante Para Manos 75 g	Cuidado corporal	Natura	25.000	269
Essencial Oud Femenino 50 ml	Fragancias	Natura	120.000	26
Ekos Tukuma Crema Hidratante Para Manos 75 g	Cuidado corporal	Natura	25.000	270
Ekos Castaña Crema Hidratante Para Manos 75 g	Cuidado corporal	Natura	25.000	271
Tododia Frutas Rojas Crema Hidratante De Manos 50 ml	Cuidado corporal	Natura	18.000	272
Combo Lumina Anticaida x3 Shampoo + Acondicionador + Mascara - Envase	Cuidado capitar	Natura	80.000	273
Combo Lumina Anticaida x4 Shampoo + Acondicionador + Mascara + Tonico - Envase	Cuidado capitar	Natura	110.000	274
Combo Lumina Brillo y Proteccion De Color x2 Shampoo + Acondicionador - Envase	Cuidado capitar	Natura	45.000	275
Combo Lumina Reconstruccion x4 Shampoo + Acondicionador + Mascara + Serum - Envase	Cuidado capitar	Natura	100.000	276
Lumina Reconstruccion Acondicionador	Cuidado capilar	Natura	23.000	277
Combo Lumina Reconstruccion x3 Shampoo + Acondicionador + Mascara Repuesto	Cuidado capitar	Natura	65.000	278
Combo Lumina Reconstruccion x2 Shampoo + Acondicionador Repuesto	Cuidado capitar	Natura	35.000	279
Essencial Oud Femenino Repuesto 50 ml	Fragancias	Natura	95.000	27
Combo Lumina Restauracion y Liso Prolongado x3 Shampoo + Acondicionador + Mascara - Envase	Cuidado capitar	Natura	75.000	280
Combo Lumina Restauracion y Liso Prolongado x2 Shampoo + Acondicionador - Envase	Cuidado capitar	Natura	45.000	281
Combo Lumina Rizado x4 Shampoo + Acondicionador + Mascara + Crema De Peinar - Envase	Cuidado capitar	Natura	95.000	282
Combo Lumina Rizado x2 Shampoo + Acondicionador - Envase	Cuidado capitar	Natura	45.000	283
Lumina Rizado Acondicionador	Cuidado capilar	Natura	23.000	284
Combo Lumina Rizado x4 Shampoo + Acondicionador + Mascara + Crema De Peinar Repuesto	Cuidado capitar	Natura	80.000	285
Combo Lumina Hidratacion y Proteccion Antipolucion x3 Shampoo + Acondicionador + Fluido - Envase	Cuidado capitar	Natura	65.000	286
Lumina Hidratacion y Proteccion Antipolucion Shampoo - Envase	Cuidado capitar	Natura	23.000	287
Lumina Matizacion y Restauracion - Envase	Cuidado capilar	Natura	25.000	288
Combo Ekos Murumuru x4 Shampoo + Acondicionador + Mascara + Crema De Peinar	Cuidado capitar	Natura	120.000	289
Essencial Oud Masculino 100 ml	Fragancias	Natura	140.000	28
Combo Ekos Murumuru x4 Shampoo + Acondicionador + Mascara + Pre-Shampoo	Cuidado capitar	Natura	120.000	290
Ekos Murumuru Shampoo	Cuidado capitar	Natura	28.000	291
Tododia Rizado Spray Reactivador De Rizos 200 ml	Cuidado capilar	Natura	25.000	292
Tododia Flor De Ciruela Perfume Capilar 60 ml	Cuidado capilar	Natura	30.000	293
Combo Tododia Reparacion x2 Shampoo + Acondicionador + Mascara	Cuidado capitar	Natura	65.000	294
Tododia Nutricion Shampoo + Acondicionador + Crema de Peinar	Cuidado capitar	Natura	60.000	295
Tododia Nutricion Acondicionador Repuesto 300 ml	Cuidado capilar	Natura	16.000	296
Combo Tododia Hidratacion x3 Shampoo + Acondicionador + Mascara	Cuidado capitar	Natura	65.000	297
Lumina Anticaspa Shampoo Repuesto 300 ml	Cuidado capitar	Natura	20.000	298
Lumina Hidratacion y Proteccion Antipolucion Shampoo Repuesto 300 ml	Cuidado capitar	Natura	20.000	299
Essencial Oud Masculino Repuesto 100 ml	Fragancias	Natura	115.000	29
Aguas Jabuticaba 150 ml	Fragancias	Natura	40.000	2
Lumina Brillo y Proteccion De Color Shampoo Repuesto 300 ml	Cuidado capitar	Natura	20.000	300
Combo Lumina Fuerza y Reparacion Molecular x3 Shampoo + Acondicionador + Mascara Repuesto	Cuidado capitar	Natura	65.000	301
Combo Tododia Rizado y Afros x3 Shampoo + Acondicionador + Crema De Peinar Repuesto	Cuidado capitar	Natura	50.000	302
Tododia Rizado y Afros Crema De Peinar Repuesto	Cuidado capilar	Natura	22.000	303
Combo Tododia Hidratacion x3 Shampoo + Acondicionador + Mascara Repuesto	Cuidado capitar	Natura	50.000	304
Combo Tododia Hidratacion x2 Shampoo + Acondicionador Repuesto	Cuidado capitar	Natura	30.000	305
Combo Lumina Fuerza y Reparacion Molecular x3 Shampoo + Acondicionador + Mascara Envase	Cuidado capitar	Natura	75.000	306
Tododia x 4 Reparacion Capilar Shampoo + Acondicionador + Mascara + Crema para peinar - Envase	Cuidado capitar	Natura	85.000	307
Mama y Bebe Bebe Caja De Jabones x5 100 g	Cuidado corporal	Natura	40.000	308
Una Primer Facial Fps 40 30 ml	Maquillaje	Natura	40.000	309
Essencial Oud Pimienta Femenino 50 ml	Fragancias	Natura	120.000	30
Una Glos Labial Fps 15 8 ml	Maquillaje	Natura	30.000	310
Una Corrector Cobertura Extrema 24H Tono 10N 8 ml	Maquillaje	Natura	20.000	311
Una Corrector Cobertura Extrema 24H Tono 15N 8 ml	Maquillaje	Natura	20.000	312
Una Corrector Cobertura Extrema 24H Tono 19N 8 ml	Maquillaje	Natura	20.000	313
Una Corrector Cobertura Extrema 24H Tono 21N 8 ml	Maquillaje	Natura	20.000	314
Una Corrector Cobertura Extrema 24H Tono 24N 8 ml	Maquillaje	Natura	20.000	315
Una Corrector Cobertura Extrema 24H Tono 27N 8 ml	Maquillaje	Natura	20.000	316
Una Corrector Cobertura Extrema 24H Tono 30N 8 ml	Maquillaje	Natura	20.000	317
Una Labial Cc Tono Rose 4C 3,8 g	Maquillaje	Natura	30.000	318
Una Serum Labial 1,8 g	Maquillaje	Natura	35.000	319
Essencial Oud Pimienta Masculino 100 ml	Fragancias	Natura	140.000	31
Una Rubor Intense Me Tono Bronce Perlado 6 g	Maquillaje	Natura	50.000	320
Una Mascara Para Pestaña Volumen Magnifico 8 ml	Maquillaje	Natura	35.000	321
Una Corrector Cobertura Extrema 24H Tono 32N 8 ml	Maquillaje	Natura	20.000	322
Power Stay Pestañina 5 en 1 Genius 10 ml	Maquillaje	Avon	15.000	323
Ekos Acai Bruma Facial Hidratante 100 ml	Maquillaje	Natura	35.000	324
Seve Almendras Dulce Aceite Corporal 200 ml	Cuidado corporal	Natura	50.000	325
Regalo Exclusive Masculino Perfume ___ + Mini Perfume ___ + Desodorante ___	Regalos y combos	Avon	60.000	326
Regalo Kaiak Clasico Masculino Splash ___ + Gel De Afeitar 2 En 1 ___ + Jabon ___	Regalos y combos	Natura	60.000	327
Regalo Kaiak Clasico Masculino Perfume ___ + Shampoo ___ + Crema En Spray ___	Cuidado capitar	Natura	130.000	328
Combo Kaiak Clasico Masculino Perfume ___ + Shampoo ___ + Gel De Afeitar 2 En 1 ___	Cuidado capitar	Natura	130.000	329
Essencial Sentir Femenino 50 ml	Fragancias	Natura	100.000	32
Una Lapiz Kajal Ojos Tono Negro 1,14 g	Maquillaje	Natura	25.000	330
Regalo Imari Femenino Perfume ___ + Mini Perfume ___ + Desodorante ___ + Chocolate	Regalos y combos	Avon	55.000	331
Regalo Femenino Combinado Mini Frescor ___ + Aceite Corporal ___ + Jabon Tododia ___ + Chocolate	Regalos y combos	Natura	60.000	332
Regalo Tododia Cereza y Avellana Femenino Crema 400 ml + Splash ___ ml	Regalos y combos	Natura	75.000	333
Regalo Femenino Combinado Splash Perfumado ___ + Jabon Liquido Corporal 200 ml + Crema Perfumada 100 g	Regalos y combos	Natura	60.000	334
Combo Ekos Pitanga Preta Femenino Frescor 150 ml + Caja de jabones de 6 unidades de 25 g cdu	Regalos y combos	Natura	75.000	335
Kaiak Clasico Femenino Miniatura 25 ml	Fragancias	Natura	30.000	336
Splash Perfumado Kaiak Clasico Femenino de 200 ml	Fragancias	Natura	40.000	337
Ekos Maracuya Crema Corporal 200 ml	Cuidado corporal	Natura	28.000	338
Ekos Castaña Crema Corporal 200 ml	Cuidado corporal	Natura	28.000	339
Essencial Sentir Masculino 100 ml	Fragancias	Natura	100.000	33
Ekos Cacao Crema Corporal 400 ml - Envase	Cuidado corporal	Natura	60.000	340
Combo Ekos Murumuru x2 Shampoo + Acondicionador	Cuidado capitar	Natura	55.000	341
Combo Tododia Reparacion x3 Shampoo + Acondicionador + Mascara Repuestos	Cuidado capitar	Natura	50.000	342
Combo Tododia Reparacion x2 Shampoo + Acondicionador Repuestos	Cuidado capitar	Natura	30.000	343
Tododia Reparacion Shampoo 300 ml - Repuesto	Cuidado capitar	Natura	16.000	344
Combo Tododia Nutricion x3 Shampoo + Acondicionador + Mascara Repuestos	Cuidado capitar	Natura	50.000	345
Combo Tododia Nutricion x2 Shampoo + Acondicionador Repuestos	Cuidado capitar	Natura	30.000	346
Chronos Super Serum Reductor De Arrugas 30 ml - Repuesto	Cuidado facial	Natura	100.000	347
Hidratante Facial Piel Mixta 50 ml Faces	Cuidado facial	Natura	25.000	348
Solar Protector Solar Facial Hidratante Fps 50 50 ml	Cuidado facial	Natura	50.000	349
Homem Clasico Masculino 100 ml	Fragancias	Natura	85.000	34
Ekos Acai Crema Corporal 400 ml - Envase	Cuidado corporal	Natura	55.000	350
Ekos Acai Minifrescor 75 ml	Fragancias	Natura	38.000	351
Ekos Acai Crema Hidratante Para Manos 75 g	Cuidado corporal	Natura	25.000	352
Tododia Te De Manzanilla y Lavanda Crema Corporal 400 ml - Envase	Cuidado corporal	Natura	40.000	353
Tododia Te de Manzanilla y Lavanda Crema Corporal 200 ml	Cuidado corporal	Natura	25.000	354
Tododia Te de Manzanilla y Lavanda Crema Nube Relajante Corporal 200 ml	Cuidado corporal	Natura	35.000	355
Tododia Te De Manzanilla y Lavanda Caja De Jabones 5 Unidades 90 g	Cuidado corporal	Natura	25.000	356
Solar Protector Solar Facial Control de Oleosidad Fps 50 50 ml	Cuidado facial	Natura	50.000	357
Solar Protector Solar Facial Control de Oleosidad Fps 70 50 ml	Cuidado facial	Natura	55.000	358
Tododia Caja De Jabones Nuez Pecan 5 Unidades 90 g	Cuidado corporal	Natura	25.000	359
Homem Coragio 100 ml	Fragancias	Natura	110.000	35
Combo Aguas Violeta 150 ml + Jabon en Barra 90 g	Regalos y combos	Natura	45.000	360
Perfume Cabello Esencia Lumina 30 ml	Cuidado capilar	Natura	30.000	361
Primer Blur 30 ml	Maquillaje	Natura	40.000	362
Regalo Niños Colonia 100 ml + Caja de Jabones x 3 Nature Salta la Cuerda	Regalos y combos	Natura	65.000	363
Humor Envolve 75 ml	Fragancias	Natura	75.000	364
Ekos Madeira em Flor Frescor 150 ml	Fragancias	Natura	60.000	365
Splash Perfumado Humor Primeiro Femenino de 100 ml	Fragancias	Natura	30.000	366
Jabon Liquido Perfumado Humor Primeiro Femenino de 75 ml	Cuidado corporal	Natura	12.000	367
Ekos Maracuya Frescor 150 ml - Envase	Fragancias	Natura	60.000	368
Ekos Castaña Frescor 150 ml - Repuesto	Fragancias	Natura	45.000	369
Homem Elo Masculino 100 ml	Fragancias	Natura	85.000	36
Ekos Cacao Frescor 150 ml - Envase	Fragancias	Natura	60.000	370
Ekos Castaña Crema Corporal 400 ml - Repuesto	Cuidado corporal	Natura	40.000	371
Ekos Castaña Jabon Liquido Para Manos 250 ml - Repuesto	Cuidado corporal	Natura	25.000	372
Ekos Castaña Jabon Liquido Corporal 195 ml - Repuesto	Cuidado corporal	Natura	25.000	373
Ekos Pataua Shampoo + Acondicionador - Repuesto	Cuidado capitar	Natura	45.000	374
Ekos Pataua Shampoo + Acondicionador + Tonico - Envase	Cuidado capitar	Natura	90.000	375
Homem Potence Miniatura 25 ml	Fragancias	Natura	33.000	376
Protector Solar Facial Stick FPS 50 Todo Tipo de Piel ___ g	Protección solar	Natura	65.000	377
Care Aguacate Crema Corporal Litro	Cuidado corporal	Avon	23.000	378
Aguas Frambuesa 150 ml	Fragancias	Natura	40.000	379
Homem Essence Masculino 100 ml	Fragancias	Natura	85.000	37
Ekos Caja De Jabones Cremosos x 4 100 g	Cuidado corporal	Natura	33.000	380
Ekos Castaña Crema Exfoliante Para Manos y Pies 75 g	Cuidado corporal	Natura	25.000	381
Tododia Nuez Pecan y Cacao Crema Corporal Envase 400 ml	Cuidado corporal	Natura	40.000	382
Tododia Nuez Pecan y Cacao Jabon Liquido 300 ml	Cuidado corporal	Natura	28.000	383
Chronos Serum Intensivo Reductor Oleosidad 30 ml - Envase	Cuidado facial	Natura	95.000	384
Chronos Serum Intensivo Reductor Oleosidad 30 ml - Repuesto	Cuidado facial	Natura	80.000	385
Tododia Mango Rosa y Agua De Coco Crema Corporal 400 ml - Envase	Cuidado corporal	Natura	40.000	386
Tododia Cereza y Avellana Desodorante Femenino En Roll-On 70 ml	Cuidado corporal	Natura	20.000	387
Tododia Sin Perfume Desodorante Femenino En Roll-On 70 ml	Cuidado corporal	Natura	20.000	388
Tododia Manzana Caramelizada y Vainilla Crema Corporal 400 ml	Cuidado corporal	Natura	40.000	389
Homem Nos Masculino 100 ml	Fragancias	Natura	85.000	38
Erva Doce Unisex Desodorante Antitranspirante Roll-On 70 ml	Cuidado corporal	Natura	20.000	390
Kaiak Aero Masculino 100 ml	Fragancias	Natura	80.000	391
Kaiak Aero Femenino 100 ml	Fragancias	Natura	80.000	392
Humor On-Line Masculino 75 ml	Fragancias	Natura	80.000	393
Humor On-Line Femenino 75 ml	Fragancias	Natura	80.000	394
Tododia Acerola e Hibisco Body Splash 200 ml	Fragancias	Natura	35.000	395
Tododia Ciruela y Flor De Vainilla Caja De Jabones 5 Unidades 90 g	Cuidado corporal	Natura	25.000	396
Tododia Nuez Pecan y Cacao Caja De Jabones 5 Unidades 90 g	Cuidado corporal	Natura	25.000	397
Lumina Anticaida y Crecimiento Shampu Acondicionador y Mascara en Repuesto	Cuidado capitar	Natura	70.000	398
Homem Potence Masculino 100 ml	Fragancias	Natura	85.000	39
Aguas Lirio 150 ml	Fragancias	Natura	40.000	3
Homem Tato Masculino 100 ml	Fragancias	Natura	85.000	40
Horus Azul Marine Masculino 100 ml	Fragancias	Natura	45.000	41
Humor A Dois Masculino 75 ml	Fragancias	Natura	75.000	42
Humor Beijo Masculino 75 ml	Fragancias	Natura	75.000	43
Humor Conexion Masculino 75 ml	Fragancias	Natura	75.000	44
Humor Da Mina Vida 75 ml	Fragancias	Natura	75.000	45
Humor Festival Femenino 75 ml	Fragancias	Natura	75.000	46
Humor Galaxia Femenino 75 ml	Fragancias	Natura	75.000	47
Humor Liberta Unisex 75 ml	Fragancias	Natura	75.000	48
Humor Meu Primeiro Femenino 75 ml	Fragancias	Natura	75.000	49
Aguas Tropicales 150 ml	Fragancias	Natura	40.000	4
Humor Paz Masculino 75 ml	Fragancias	Natura	75.000	50
Humor Propio Femenino 75 ml	Fragancias	Natura	75.000	51
Humor Transforma Unisex 75 ml	Fragancias	Natura	75.000	52
Ilia Clasico Femenino 50 ml	Fragancias	Natura	85.000	53
Ilia Plena Femenino 50 ml	Fragancias	Natura	85.000	54
Ilia Secreto Femenino 50 ml	Fragancias	Natura	85.000	55
Kaiak Aventura Femenino 100 ml	Fragancias	Natura	80.000	56
Kaiak Aventura Masculino 100 ml	Fragancias	Natura	80.000	57
Kaiak Clasico Femenino 100 ml	Fragancias	Natura	80.000	58
Kaiak Clasico Masculino 100 ml	Fragancias	Natura	80.000	59
Humor Beijo Femenino 75 ml	Fragancias	Natura	75.000	5
Kaiak K Masculino 100 ml	Fragancias	Natura	115.000	60
Kaiak Oceano Femenino 100 ml	Fragancias	Natura	80.000	61
Kaiak Oceano Masculino 100 ml	Fragancias	Natura	80.000	62
Kaiak Oxigeno Masculino 100 ml	Fragancias	Natura	80.000	63
Kaiak Pulso Masculino 100 ml	Fragancias	Natura	80.000	64
Kaiak Sonar Femenino 100 ml	Fragancias	Natura	80.000	65
Kaiak Sonar Masculino 100 ml	Fragancias	Natura	80.000	66
Kaiak Urbe Masculino 100 ml	Fragancias	Natura	80.000	67
Kriska Jeans Femenino 100 ml	Fragancias	Natura	65.000	68
Kriska Shock Femenino 100 ml	Fragancias	Natura	65.000	69
Combo Lumina Anticaida Repuesto Shampoo 300 ml Acondicionador 300 ml Mascara 250 ml	Cuidado capitar	Natura	70.000	6
Luna Absoluta Femenino 75 ml	Fragancias	Natura	85.000	70
Luna Atitude Femenino 50 ml	Fragancias	Natura	90.000	71
Luna Coragen Femenino 75 ml	Fragancias	Natura	85.000	72
Luna Ilumina Femenino 50 ml	Fragancias	Natura	90.000	73
Luna Intenso Femenino 50 ml	Fragancias	Natura	90.000	74
Luna Liberdade Femenino 75 ml	Fragancias	Natura	85.000	75
Luna Radiante Femenino 75 ml	Fragancias	Natura	85.000	76
Luna Rose Femenino 75 ml	Fragancias	Natura	85.000	77
Luna Viva Femenino 75 ml	Fragancias	Natura	85.000	78
Humor Meu Primeiro Femenino Splash Perfumado 200 ml	Fragancias	Natura	40.000	79
Ekos Chuva 75 ml	Fragancias	Natura	85.000	7
Tododia Frambuesa y Pimienta Rosa Splash ___ ml	Fragancias	Natura	35.000	80
Tododia Mango Rosa y Agua De Coco Splash ___ ml	Fragancias	Natura	35.000	81
Humor Liberta Unisex Splash Perfumado 100 ml	Fragancias	Natura	30.000	82
Humor Primeiro Femenino Splash Perfumado 100 ml	Fragancias	Natura	30.000	83
Humor Propio Femenino Splash Perfumado 200 ml	Fragancias	Natura	40.000	84
Kaiak Aventura Femenino Splash Perfumado 100 ml	Fragancias	Natura	30.000	85
Tododia Avellana y Casis Splash ___ ml	Fragancias	Natura	35.000	86
Tododia Cereza Negra y Praline Splash ___ ml	Fragancias	Natura	35.000	87
Tododia Cereza y Avellana Splash ___ ml	Fragancias	Natura	35.000	88
Tododia Ciruela y Flor De Cerezo Splash ___ ml	Fragancias	Natura	35.000	89
Ekos Amazo Femenino Miniatura Frescor 75 ml	Fragancias	Natura	30.000	8
Tododia Ciruela y Flor De Vainilla Splash ___ ml	Fragancias	Natura	35.000	90
Tododia Frutos Rojos Splash ___ ml	Fragancias	Natura	35.000	91
Tododia Hojas De Limon y Guanabana Splash ___ ml	Fragancias	Natura	35.000	92
Tododia Macadamia Splash ___ ml	Fragancias	Natura	35.000	93
Tododia Te De Manzanilla y Lavanda Splash ___ ml	Fragancias	Natura	35.000	94
Tododia Flor De Jengibre y Mandarina Splash ___ ml	Fragancias	Natura	35.000	95
Tododia Manzana Caramelizada y Vainilla Splash ___ ml	Fragancias	Natura	35.000	96
Una Brillo Femenino 75 ml	Fragancias	Natura	120.000	97
Una Clasico Femenino 50 ml	Fragancias	Natura	120.000	98
Dorsay Masculino 100 ml	Fragancias	Esika	60.000	99
Ekos Acai Frescor 150 ml	Fragancias	Natura	60.000	9
